student_id,reg_no,name,dob,gender,entry_gpa,socio_econ
1,23BDS0264,Vijay VS,2006-10-07,O,7.45,mid
2,23BDS1002,Noah Rhodes,2007-07-27,M,6.88,mid
3,23BDS1003,Angie Henderson,2007-03-17,M,7.58,high
4,23BDS1004,Daniel Wagner,2007-12-10,O,8.37,mid
5,23BDS1005,Cristian Santos,2006-01-29,F,6.79,low
6,23BDS1006,Connie Lawrence,2005-07-26,M,6.79,mid
7,23BDS1007,Abigail Shaffer,2006-07-14,M,8.42,high
8,23BDS1008,Gina Moore,2004-08-28,M,7.69,mid
9,23BDS1009,Gabrielle Davis,2005-03-02,O,6.58,high
10,23BDS1010,Ryan Munoz,2006-09-21,M,7.49,high
11,23BDS1011,Monica Herrera,2008-06-01,O,6.58,high
12,23BDS1012,Jamie Arnold,2002-05-21,O,6.58,mid
13,23BDS1013,Lisa Hensley,2001-05-02,O,7.22,low
14,23BDS1014,Michele Williams,2005-11-18,M,5.28,mid
15,23BDS1015,Dylan Miller,2001-06-02,O,5.45,high
16,23BDS1016,Brian Ramirez,2001-04-20,F,6.49,mid
17,23BDS1017,Holly Wood,2004-05-12,M,6.09,mid
18,23BDS1018,Derek Zuniga,2003-02-18,M,7.28,mid
19,23BDS1019,Lisa Jackson,2003-08-05,M,6.18,high
20,23BDS1020,Carla Gray,2004-09-30,M,5.73,high
21,23BDS1021,Margaret Hawkins DDS,2000-11-27,M,8.32,mid
22,23BDS1022,Patty Perez,2004-12-29,O,6.8,mid
23,23BDS1023,Ethan Adams,2002-01-12,O,7.06,mid
24,23BDS1024,Tommy Walter,2002-09-17,M,5.72,low
25,23BDS1025,Matthew Foster,2006-02-15,O,6.51,high
26,23BDS1026,Judy Baker,2001-02-17,M,7.1,low
27,23BDS1027,Justin Baker,2001-02-13,O,5.96,high
28,23BDS1028,Stephanie Ross,2002-08-22,O,7.34,mid
29,23BDS1029,Zachary Hicks,2000-03-12,O,6.46,low
30,23BDS1030,Anthony Rodriguez,2008-02-17,O,6.74,mid
31,23BDS1031,Rebecca Henderson,2005-04-12,F,6.46,low
32,23BDS1032,James Ferrell,2005-09-11,M,8.67,mid
33,23BDS1033,Tricia Valencia,2004-02-25,F,6.99,high
34,23BDS1034,Nathan Maldonado,2004-11-21,O,6.05,mid
35,23BDS1035,Debra Davidson,2002-12-17,F,7.74,high
36,23BDS1036,Jeffrey Chavez,2006-10-17,M,5.9,mid
37,23BDS1037,Sherri Baker,2002-08-07,M,7.19,mid
38,23BDS1038,Cassandra Gaines,2001-09-19,O,5.24,high
39,23BDS1039,Elizabeth Fowler,2001-05-23,F,5.8,high
40,23BDS1040,Brittany Farmer,2000-05-08,F,7.18,low
41,23BDS1041,Paula Moreno,2004-04-13,F,7.66,mid
42,23BDS1042,Fred Smith,2003-06-25,M,7.15,low
43,23BDS1043,Sherry Decker,2004-07-27,M,6.9,low
44,23BDS1044,Anthony Humphrey,2000-07-25,F,6.73,high
45,23BDS1045,Angelica Tucker,2001-09-23,M,5.67,high
46,23BDS1046,Philip Cannon,2001-08-28,M,6.35,mid
47,23BDS1047,John Pierce,2002-09-22,F,6.59,low
48,23BDS1048,Shane Henderson,2002-12-26,M,7.95,mid
49,23BDS1049,Joshua Blair,2001-09-14,F,7.31,low
50,23BDS1050,Eric Carney,2006-07-06,F,5.41,high
51,23BDS1051,Jessica Holmes,2004-07-06,O,7.29,mid
52,23BDS1052,Danny Morgan,2008-09-15,F,6.65,low
53,23BDS1053,Crystal Robinson,2007-02-25,M,6.39,high
54,23BDS1054,Mark Perez,2008-07-26,O,7.55,low
55,23BDS1055,Shannon Jones,1999-10-25,F,7.93,mid
56,23BDS1056,Michael Lewis,2005-10-04,O,7.84,high
57,23BDS1057,Timothy Duncan,2003-10-01,M,6.24,low
58,23BDS1058,Richard Aguirre,2007-11-17,F,6.72,low
59,23BDS1059,Brent Jordan,2005-04-05,M,7.3,mid
60,23BDS1060,John Daniel,2005-04-30,O,7.88,mid
61,23BDS1061,Victoria Garcia,2008-05-14,F,6.57,mid
62,23BDS1062,Gerald Hensley,2005-11-18,O,6.83,high
63,23BDS1063,Connor West,2002-08-17,O,6.0,high
64,23BDS1064,Donald Wright,2007-12-25,F,5.92,mid
65,23BDS1065,Jessica Callahan,2008-03-30,O,7.73,high
66,23BDS1066,Amber Kidd,2003-03-18,M,8.22,low
67,23BDS1067,Tracy House,2004-08-07,O,6.94,mid
68,23BDS1068,Carol Tucker,2002-04-13,M,7.9,high
69,23BDS1069,James Brown,2007-12-10,M,7.33,high
70,23BDS1070,William Baker,2007-02-20,O,6.42,mid
71,23BDS1071,Jordan Henderson,2003-02-10,M,7.33,mid
72,23BDS1072,Whitney Peters,2006-12-18,F,8.38,high
73,23BDS1073,Brittney Phillips,2003-09-30,M,6.97,high
74,23BDS1074,Lauren Daniels,2000-02-18,M,8.41,mid
75,23BDS1075,Amy Silva,2007-10-28,M,4.64,high
76,23BDS1076,Sarah Moore,2001-06-20,F,7.74,low
77,23BDS1077,Angela Lopez,2004-05-12,F,7.08,high
78,23BDS1078,Megan Young,2008-04-09,F,6.73,low
79,23BDS1079,Steve Sanchez,2001-03-30,O,7.08,low
80,23BDS1080,Lisa Barnes,2008-05-06,F,5.21,high
81,23BDS1081,Kelly Donovan,2004-07-30,M,6.8,high
82,23BDS1082,Mike Allen,1999-10-21,F,7.32,mid
83,23BDS1083,Michael Evans,2000-04-29,F,8.33,low
84,23BDS1084,Paul Jones,2005-10-09,M,6.53,high
85,23BDS1085,Zachary Ferrell,2006-09-13,O,6.27,low
86,23BDS1086,Daniel Baker,2007-07-10,F,6.55,mid
87,23BDS1087,Shirley Suarez,2003-07-22,O,7.82,low
88,23BDS1088,Christopher Bass,2000-09-02,O,7.3,high
89,23BDS1089,Lisa Archer,2004-07-30,O,6.52,high
90,23BDS1090,Aimee Montoya,2006-01-23,M,7.46,low
91,23BDS1091,Matthew Mcmillan,2008-07-10,O,7.09,mid
92,23BDS1092,Brian Rodriguez,2006-09-18,O,7.87,low
93,23BDS1093,Denise Jacobs,2005-07-22,M,6.37,high
94,23BDS1094,Christina Walters,2008-03-12,O,6.71,mid
95,23BDS1095,John Whitehead,2006-06-17,O,6.65,low
96,23BDS1096,Anna Henderson,2001-02-13,M,5.68,low
97,23BDS1097,Aaron Wise,2003-11-14,M,7.27,mid
98,23BDS1098,Deborah Figueroa,2002-09-21,F,7.23,low
99,23BDS1099,Jessica Smith,2000-07-10,F,7.0,mid
100,23BDS1100,Stephen Mckee,2000-03-23,F,6.79,mid
101,23BDS1101,Sandra Aguilar,2006-11-20,O,5.73,mid
102,23BDS1102,Cameron Parker,2004-10-04,O,6.62,mid
103,23BDS1103,Rebecca Valencia,2004-11-29,O,6.69,low
104,23BDS1104,Christine Wright,2001-10-14,M,6.28,low
105,23BDS1105,Richard Henson,2002-01-24,O,6.85,high
106,23BDS1106,Marc Moore,2003-03-25,F,7.36,mid
107,23BDS1107,Sharon Cherry,2005-05-30,M,8.7,high
108,23BDS1108,Sierra Johnson,2003-08-20,M,7.16,high
109,23BDS1109,Evelyn Galvan,1999-11-21,M,7.23,low
110,23BDS1110,Sharon Cochran,2005-10-18,F,6.93,low
111,23BDS1111,Richard Rodriguez,2004-07-20,F,5.27,low
112,23BDS1112,Shannon Walker,2005-07-05,F,6.98,low
113,23BDS1113,Julia Torres,2005-04-21,M,7.05,high
114,23BDS1114,Crystal Johnson,2006-07-17,M,9.22,mid
115,23BDS1115,Garrett Lin,2005-01-03,O,6.83,high
116,23BDS1116,Diana May,2006-01-17,O,7.27,high
117,23BDS1117,William Herrera,2000-05-22,F,6.97,low
118,23BDS1118,Ashley Waller,2008-02-03,M,5.95,mid
119,23BDS1119,Victor Baker,2000-09-09,O,8.03,high
120,23BDS1120,Jeffrey Chandler,2006-10-27,F,7.68,low
121,23BDS1121,Larry Dixon,2002-06-13,F,7.71,low
122,23BDS1122,Kenneth Scott,2000-07-07,O,6.18,mid
123,23BDS1123,April Frost,2006-08-17,F,8.26,high
124,23BDS1124,Michelle Harmon,2003-09-05,M,5.74,mid
125,23BDS1125,Helen Jones,2003-04-18,F,7.53,mid
126,23BDS1126,Erin Edwards,2005-09-07,M,8.97,mid
127,23BDS1127,Michelle Evans,2004-01-02,M,6.11,high
128,23BDS1128,Jason Powell,2004-07-16,O,6.49,low
129,23BDS1129,Cameron Fisher,2000-12-18,O,7.09,mid
130,23BDS1130,Megan Orr,2003-04-04,O,6.55,mid
131,23BDS1131,Elizabeth Kelley,2006-12-01,F,5.6,high
132,23BDS1132,Dustin Jordan,2004-08-25,O,7.06,high
133,23BDS1133,Mary Marshall,2008-05-18,O,6.04,low
134,23BDS1134,Daniel Kennedy,2001-01-12,F,7.43,low
135,23BDS1135,Rebecca Jackson,2005-10-31,O,6.17,mid
136,23BDS1136,Jose Schultz,2007-12-19,F,8.39,mid
137,23BDS1137,Robert Potter,2006-11-23,F,6.3,high
138,23BDS1138,Courtney Gonzalez,2006-04-21,M,6.71,mid
139,23BDS1139,David Alvarez,2003-02-04,M,7.73,high
140,23BDS1140,Angel Perry,2008-04-13,O,5.89,mid
141,23BDS1141,Cheyenne Horton,2004-09-19,F,7.2,high
142,23BDS1142,David Douglas Jr.,2004-09-25,M,8.18,mid
143,23BDS1143,Patricia Rodriguez,2000-11-05,M,5.55,mid
144,23BDS1144,Christopher Rubio,1999-10-13,M,7.17,mid
145,23BDS1145,Amber Wright,2005-02-08,M,7.23,low
146,23BDS1146,Joyce Solis,2004-07-28,O,7.7,mid
147,23BDS1147,Victoria Larson,2008-04-05,M,5.89,mid
148,23BDS1148,Stephanie Salazar,2002-06-24,O,5.81,low
149,23BDS1149,Kathy Rivas,2006-06-22,F,7.47,low
150,23BDS1150,Stephanie Manning,2007-11-14,O,7.27,mid
151,23BDS1151,David Wright,2002-10-31,M,7.23,high
152,23BDS1152,Pamela Boyd,2003-06-14,F,7.31,mid
153,23BDS1153,Denise Jones,2005-07-20,F,6.39,high
154,23BDS1154,Devon Flores,2004-05-08,O,7.21,mid
155,23BDS1155,Brenda Hall,2001-03-09,F,7.26,high
156,23BDS1156,Michelle Brown,2001-09-21,O,6.36,mid
157,23BDS1157,Joshua Perry,2007-04-02,F,8.68,low
158,23BDS1158,Jason Stein,2001-06-26,O,7.43,high
159,23BDS1159,Melissa Gates,2001-05-15,M,5.93,mid
160,23BDS1160,Jamie Smith,2006-12-08,O,7.59,mid
161,23BDS1161,Paul Castaneda,2007-05-30,O,6.12,low
162,23BDS1162,Jennifer Adkins,2007-05-27,M,7.71,high
163,23BDS1163,Lindsey Walker,2008-02-17,O,8.04,high
164,23BDS1164,Jeffrey Johnson,2008-09-08,O,6.26,high
165,23BDS1165,Michael Powell,2003-11-21,F,7.87,low
166,23BDS1166,John Anderson,2004-09-07,O,7.37,high
167,23BDS1167,Alyssa Long,2002-05-09,F,7.74,high
168,23BDS1168,Alyssa Day,2000-05-05,M,8.71,mid
169,23BDS1169,Joel Williams,2000-08-14,F,6.78,mid
170,23BDS1170,Daniel Murphy,2006-04-08,F,6.32,low
171,23BDS1171,Jamie Walton,2004-02-14,M,6.2,high
172,23BDS1172,Darlene Miller,2002-09-18,F,6.27,mid
173,23BDS1173,Joshua Cooke,2000-11-21,M,6.93,low
174,23BDS1174,Matthew Harrington,2005-08-21,O,7.31,high
175,23BDS1175,Nicole Herring,2000-08-20,O,7.25,low
176,23BDS1176,Alex Hernandez,2005-04-24,F,7.74,high
177,23BDS1177,Michael Elliott,2007-11-03,O,7.01,mid
178,23BDS1178,Michael Wang,2002-08-06,M,8.31,high
179,23BDS1179,Lawrence Adkins,2003-10-17,O,6.76,high
180,23BDS1180,Robert Oconnell,2005-04-14,M,9.45,high
181,23BDS1181,Alexander Collins,2002-06-28,O,7.56,high
182,23BDS1182,Tina Sanders,2004-12-29,F,6.23,low
183,23BDS1183,Angela Vaughn,2004-10-29,O,6.04,high
184,23BDS1184,Ashley Barton,2003-01-07,O,7.43,low
185,23BDS1185,Lindsay Martinez,2002-08-02,O,6.8,high
186,23BDS1186,Dr. Hannah Patterson,2003-08-05,M,7.64,high
187,23BDS1187,Jonathan Peterson,1999-10-12,M,7.43,low
188,23BDS1188,Samantha Garcia,2001-12-14,F,6.93,mid
189,23BDS1189,Madison Poole,2001-09-24,M,6.24,mid
190,23BDS1190,Jessica Gross,2006-05-25,O,5.64,low
191,23BDS1191,Debra Morton,2003-08-30,O,6.6,high
192,23BDS1192,Karen Graham,2007-04-20,M,7.77,mid
193,23BDS1193,Debra Christian,2000-12-11,O,7.19,high
194,23BDS1194,Angelica Keith,2006-05-03,F,5.88,low
195,23BDS1195,John Bishop,2007-08-22,F,7.16,low
196,23BDS1196,Allen Rosales,2003-11-26,M,7.35,mid
197,23BDS1197,Daniel Salinas,2002-12-19,M,6.2,mid
198,23BDS1198,Spencer Haynes,2002-06-27,F,7.14,high
199,23BDS1199,Adam Vaughan,2004-09-13,F,7.05,mid
200,23BDS1200,Nathan Freeman,2001-04-26,M,5.97,low
201,23BDS1201,Melissa Brewer,2005-03-13,M,7.32,low
202,23BDS1202,Ricky Davis II,2007-04-25,M,7.5,low
203,23BDS1203,Elizabeth Perkins,2007-06-20,O,7.97,high
204,23BDS1204,Joseph Coleman,2000-12-30,M,7.95,mid
205,23BDS1205,Erin Warner,2004-08-01,M,5.76,high
206,23BDS1206,David Martinez,2002-02-08,O,6.16,high
207,23BDS1207,Bryan Herrera,2007-09-19,F,7.46,mid
208,23BDS1208,Cathy Robinson,2000-06-04,M,7.46,low
209,23BDS1209,Dr. William Warren,2000-05-31,O,7.46,mid
210,23BDS1210,Brian Lee,1999-11-27,M,9.5,mid
211,23BDS1211,Christopher Smith,2004-04-20,M,7.51,mid
212,23BDS1212,Denise Mccann,2000-01-07,O,8.02,high
213,23BDS1213,Melissa Martinez,2004-12-22,F,7.86,mid
214,23BDS1214,Katherine Salas,2003-05-21,O,7.59,low
215,23BDS1215,Julie Alexander,2005-01-18,M,6.72,mid
216,23BDS1216,Anthony Everett,2007-11-23,F,7.68,low
217,23BDS1217,Rodney Morales,2004-09-13,O,6.3,low
218,23BDS1218,Mark Brown,2004-08-17,O,6.79,low
219,23BDS1219,Justin Torres,2008-09-22,F,6.56,high
220,23BDS1220,Bailey Duran DDS,2003-12-27,M,7.07,high
221,23BDS1221,Courtney Mills,2006-09-18,O,9.08,high
222,23BDS1222,Jeremy Dalton,2003-01-11,O,5.32,mid
223,23BDS1223,Elizabeth Oliver DDS,2001-09-30,O,7.62,high
224,23BDS1224,Theresa Clark,2006-09-08,M,5.55,mid
225,23BDS1225,Matthew Moore,2006-05-03,O,6.58,low
226,23BDS1226,Benjamin Smith,2002-05-10,F,7.98,mid
227,23BDS1227,Kirk Carter,2003-12-02,F,7.06,low
228,23BDS1228,Michael Warner,2004-05-01,O,6.03,mid
229,23BDS1229,Michael Bradshaw,2003-04-23,O,6.36,high
230,23BDS1230,Lori Guerrero,2004-04-04,F,7.61,low
231,23BDS1231,Jessica Stephens,2005-09-13,F,6.34,mid
232,23BDS1232,Susan Serrano,2007-05-16,O,7.19,mid
233,23BDS1233,Christopher Parker,2006-12-30,F,7.04,high
234,23BDS1234,Laura Roberts,2005-04-06,M,6.41,high
235,23BDS1235,Michael Lyons,2001-03-25,M,8.93,high
236,23BDS1236,Kathryn Snyder,2004-05-13,M,7.57,mid
237,23BDS1237,Andrew Reynolds,2003-10-03,M,5.18,high
238,23BDS1238,David Davis,2001-05-08,F,7.17,mid
239,23BDS1239,Sara Johnston,2008-04-11,M,6.4,high
240,23BDS1240,Yvonne Chambers,2005-09-03,O,7.77,mid
241,23BDS1241,Andrew Avila,2008-06-12,O,6.29,low
242,23BDS1242,Matthew Moon,2006-05-12,M,6.9,high
243,23BDS1243,Kevin Walters,2004-02-02,O,7.45,low
244,23BDS1244,Brandon Bailey MD,2002-12-19,M,7.78,mid
245,23BDS1245,Shannon Rivera,2001-09-15,M,5.92,low
246,23BDS1246,Donna Landry,2004-02-16,M,6.7,high
247,23BDS1247,Krista Gibson,2000-04-20,O,6.57,high
248,23BDS1248,Frank Cordova,2003-01-23,O,6.41,mid
249,23BDS1249,Jose Travis,2000-02-14,M,8.59,high
250,23BDS1250,Kimberly Gutierrez,2001-08-06,M,7.36,low
251,23BDS1251,Isaiah Avila,2007-11-28,M,5.87,high
252,23BDS1252,Olivia Harris,2002-12-27,M,7.83,low
253,23BDS1253,Tanya Kim,2003-12-19,F,8.91,high
254,23BDS1254,Barbara Dudley,2003-10-30,M,7.93,mid
255,23BDS1255,Cynthia Moore,2000-02-26,O,5.63,high
256,23BDS1256,Kristen Davis,2008-07-25,M,6.56,mid
257,23BDS1257,Susan Murray MD,2002-08-27,F,8.14,high
258,23BDS1258,Kathleen Moran,2006-01-26,O,6.36,mid
259,23BDS1259,Denise Davenport,2004-06-06,F,7.4,low
260,23BDS1260,Mrs. Kristen Reyes,2007-03-16,M,7.7,low
261,23BDS1261,Katie Suarez,2007-04-03,O,6.17,low
262,23BDS1262,Desiree Tyler,2002-02-08,M,6.95,low
263,23BDS1263,Timothy Romero,2004-08-20,O,4.08,mid
264,23BDS1264,Diane Evans,2001-04-20,O,6.08,mid
265,23BDS1265,Yvonne Burns,2005-08-15,O,6.77,low
266,23BDS1266,Joshua Reed,2003-01-10,F,5.88,low
267,23BDS1267,Kimberly Gibson,2005-08-14,M,8.47,low
268,23BDS1268,Colin Terry,2007-04-05,F,5.71,high
269,23BDS1269,Cynthia Rowe,2004-05-21,F,6.6,low
270,23BDS1270,Patrick Thornton,2003-02-15,M,7.12,mid
271,23BDS1271,Jasmin Alvarado,2007-11-27,M,8.3,mid
272,23BDS1272,Veronica Simpson,2004-05-20,M,5.71,mid
273,23BDS1273,Jonathan Lawrence,2002-11-30,O,8.05,high
274,23BDS1274,Shelly Alexander,2007-07-20,F,7.01,high
275,23BDS1275,Joyce Bowen,2004-02-13,F,6.12,high
276,23BDS1276,Matthew Moore,2004-01-29,F,7.42,high
277,23BDS1277,Wayne Morgan,2005-03-05,F,7.18,mid
278,23BDS1278,Marie Christian,2004-04-03,F,6.46,high
279,23BDS1279,Shannon James,2000-12-26,O,7.06,high
280,23BDS1280,Nathan Malone,2001-03-24,M,6.65,high
281,23BDS1281,Amanda Jones,2000-06-06,O,7.1,low
282,23BDS1282,Tammie Bright,2005-07-12,O,7.6,mid
283,23BDS1283,Jessica Garcia,2001-08-22,O,8.43,high
284,23BDS1284,Shelia Wallace,2001-06-02,M,5.89,low
285,23BDS1285,Stephanie Williams,2002-12-30,M,8.92,mid
286,23BDS1286,Elaine Brooks,2006-03-12,F,5.24,high
287,23BDS1287,Joseph Knight,2000-10-20,O,6.86,mid
288,23BDS1288,Carolyn Miller,2001-10-23,F,7.53,mid
289,23BDS1289,Lisa Allen,2007-01-15,M,7.25,low
290,23BDS1290,Briana Murray,2006-03-22,M,6.44,high
291,23BDS1291,David Smith,2004-01-27,M,6.81,mid
292,23BDS1292,Stephanie Byrd,2004-01-18,M,6.56,low
293,23BDS1293,Jeremy Reed,2001-08-19,O,6.47,mid
294,23BDS1294,Margaret Coleman,2001-03-10,F,7.76,mid
295,23BDS1295,Ryan Gonzalez,2007-03-29,M,7.32,low
296,23BDS1296,John Young,1999-12-09,F,6.38,mid
297,23BDS1297,Laura Haney,2000-02-15,M,7.81,low
298,23BDS1298,William Barrett,2004-11-24,F,7.28,high
299,23BDS1299,Keith Jennings,2001-03-09,F,7.73,mid
300,23BDS1300,Amber Obrien,2005-05-27,M,7.57,high
301,23BDS1301,Tanner Mitchell DDS,2000-02-02,M,6.25,high
302,23BDS1302,Heather Fields,2004-11-20,F,6.5,mid
303,23BDS1303,Megan Le,2000-03-28,O,7.67,low
304,23BDS1304,Sara Fuller,2002-01-23,M,7.55,mid
305,23BDS1305,Maria Parker,2001-05-10,M,6.98,mid
306,23BDS1306,Kevin Oconnor,2008-05-12,O,7.11,low
307,23BDS1307,Edward Burgess,2005-02-17,O,8.15,low
308,23BDS1308,Carlos Ryan,2004-10-23,M,6.47,mid
309,23BDS1309,Kiara Mcintyre,1999-11-27,M,7.49,low
310,23BDS1310,Dawn Summers,2006-03-19,M,6.82,high
311,23BDS1311,Dr. Paul Morgan,2005-09-10,M,6.8,low
312,23BDS1312,Victor Taylor,2002-04-15,F,7.99,high
313,23BDS1313,Shannon Ramsey,2000-07-04,F,7.74,high
314,23BDS1314,Tracy Ballard,2003-10-12,F,7.73,high
315,23BDS1315,Richard Smith,2008-09-03,M,8.17,low
316,23BDS1316,Jordan Chambers,2007-07-18,F,7.02,low
317,23BDS1317,Lauren Carson,2001-04-09,M,7.61,mid
318,23BDS1318,Ashley Hall,2007-03-19,M,6.72,low
319,23BDS1319,Stephen Hoffman,2005-02-22,F,7.29,low
320,23BDS1320,Connie Brown,2006-11-21,M,6.88,high
321,23BDS1321,Susan Turner,2007-02-14,F,7.09,low
322,23BDS1322,Charles Shah,2001-05-17,F,7.54,low
323,23BDS1323,Johnathan Davis,2005-09-03,F,6.26,high
324,23BDS1324,Brandy Chavez,2002-02-12,F,8.88,low
325,23BDS1325,Natalie Bautista,2006-04-04,F,6.09,high
326,23BDS1326,Patrick Moore,2002-10-27,O,5.91,low
327,23BDS1327,Brett Burns,2003-10-27,O,8.04,low
328,23BDS1328,Trevor Johnson,2005-01-19,O,7.71,mid
329,23BDS1329,Jeremy Sampson,2001-10-21,O,7.56,low
330,23BDS1330,Ariana Jennings,2003-03-17,O,7.57,high
331,23BDS1331,Vanessa Howard,2000-09-17,F,6.99,low
332,23BDS1332,Colton Martinez,2001-07-23,M,6.19,mid
333,23BDS1333,Jordan Bates,2007-06-23,M,7.07,low
334,23BDS1334,Linda Smith,2004-04-11,F,6.39,low
335,23BDS1335,Dana Martinez,2003-07-08,M,7.88,high
336,23BDS1336,Andrea Hubbard,2001-01-30,M,6.87,mid
337,23BDS1337,Daniel Kane,2000-08-08,O,6.26,low
338,23BDS1338,Charles Lester,2004-01-08,O,6.71,low
339,23BDS1339,Scott Thomas,2005-04-09,O,7.37,high
340,23BDS1340,David Thompson,2000-02-02,M,6.49,low
341,23BDS1341,Allison Smith,2006-10-17,O,6.26,low
342,23BDS1342,Cynthia Morris,2004-04-07,F,7.22,low
343,23BDS1343,Anthony Harmon,2000-10-17,M,7.22,mid
344,23BDS1344,Nichole Alvarez,2004-01-29,M,6.54,low
345,23BDS1345,Kayla Rodriguez,2000-11-28,O,6.58,high
346,23BDS1346,Theresa Williams,2005-03-03,F,7.21,mid
347,23BDS1347,Sharon Boyd,2007-03-09,O,5.7,low
348,23BDS1348,Victor Brown,2007-10-24,O,5.73,low
349,23BDS1349,James Parks,2006-09-17,M,6.35,mid
350,23BDS1350,Theodore Jones Jr.,2005-07-31,M,6.81,low
351,23BDS1351,Ana Hill,2004-06-08,O,7.28,low
352,23BDS1352,Kimberly Nguyen,2003-01-26,M,8.33,high
353,23BDS1353,Kerry Chavez DDS,2000-02-16,M,7.77,mid
354,23BDS1354,Michael Farrell,2004-07-04,M,6.86,high
355,23BDS1355,Patricia Le,2001-10-20,O,6.98,low
356,23BDS1356,Jesse Perez,2006-12-16,M,6.1,high
357,23BDS1357,Jesse Perry,2006-11-05,O,6.98,low
358,23BDS1358,Jeffery Ortega,2003-03-03,M,6.74,mid
359,23BDS1359,Christian Leblanc,2005-01-14,F,7.29,mid
360,23BDS1360,Ronald Davis,2006-05-30,M,6.26,mid
361,23BDS1361,Parker Cain,2006-08-04,O,7.47,high
362,23BDS1362,Laurie Hoffman,2006-01-03,M,8.38,high
363,23BDS1363,Bryan Gomez,2000-08-13,O,6.9,low
364,23BDS1364,Nicole Parrish,2000-12-10,O,7.36,mid
365,23BDS1365,Tracy Burke,2004-01-12,M,7.62,high
366,23BDS1366,Kenneth Lewis,2001-10-30,O,6.64,low
367,23BDS1367,Courtney Rodriguez,2007-06-21,M,7.2,high
368,23BDS1368,Holly Farmer,2002-04-15,F,7.01,low
369,23BDS1369,Renee Bruce,2007-08-18,O,7.09,high
370,23BDS1370,Sabrina Austin,2003-06-01,O,6.3,high
371,23BDS1371,Allison Hickman,2001-06-09,O,7.02,high
372,23BDS1372,Debra White,2006-02-13,O,7.45,mid
373,23BDS1373,Ellen Morgan,2006-11-04,F,8.31,mid
374,23BDS1374,Sergio Knight,2004-12-09,F,7.86,high
375,23BDS1375,Charles Schultz,2000-10-18,M,8.94,low
376,23BDS1376,Paul Lewis,1999-10-20,O,6.31,low
377,23BDS1377,Glen Wood,2005-08-18,O,7.79,mid
378,23BDS1378,Paula Bradley,2005-12-05,F,7.17,mid
379,23BDS1379,Anthony Moore,2002-07-31,M,8.97,mid
380,23BDS1380,Megan Nelson,2002-12-31,F,6.27,high
381,23BDS1381,Karla Ramos,2001-02-16,F,6.24,low
382,23BDS1382,Paul Wilson,2005-08-08,M,6.46,mid
383,23BDS1383,Douglas Gregory,2002-01-07,O,5.09,high
384,23BDS1384,Mr. Andrew Foster,2007-06-08,O,6.53,mid
385,23BDS1385,Aimee Turner,2003-07-20,F,6.32,low
386,23BDS1386,Chad Scott,2003-01-11,F,7.14,low
387,23BDS1387,Adam Burgess,2002-03-21,F,7.31,mid
388,23BDS1388,James Padilla,2005-11-11,M,8.69,high
389,23BDS1389,Sandra Drake,2006-07-14,M,7.86,low
390,23BDS1390,Scott Williams,2003-06-16,F,6.48,low
391,23BDS1391,Thomas Atkins,2006-10-17,O,6.19,low
392,23BDS1392,Laura Mckinney,2004-01-30,O,7.44,mid
393,23BDS1393,Brian Smith,2003-01-26,M,5.81,high
394,23BDS1394,Robert Montgomery,2004-09-24,M,8.65,high
395,23BDS1395,Tamara Davis,2002-01-08,O,8.06,high
396,23BDS1396,Dana Chapman,2002-07-01,M,6.58,high
397,23BDS1397,Jennifer Collins,2002-11-02,O,5.46,high
398,23BDS1398,Gary Jackson,2006-02-01,F,8.22,mid
399,23BDS1399,Ashley Hicks,2006-05-12,M,6.9,mid
400,23BDS1400,Hannah Luna,2007-06-08,F,8.11,high
401,23BDS1401,Robin Young,2005-09-02,M,5.57,high
402,23BDS1402,Craig Morrison,2006-06-20,M,6.46,mid
403,23BDS1403,Mary Thompson,2003-10-04,F,7.0,mid
404,23BDS1404,Kathleen Webster,2006-01-12,F,7.04,high
405,23BDS1405,Joann Glass,2001-03-11,M,6.59,high
406,23BDS1406,Madison Weber,2001-09-01,F,7.56,mid
407,23BDS1407,Lori Hernandez,2003-05-06,O,6.04,low
408,23BDS1408,Jeremy Turner,2002-10-13,O,6.87,high
409,23BDS1409,Anthony Romero,2004-09-10,F,7.11,low
410,23BDS1410,Jesse Brown,2006-01-04,O,7.46,high
411,23BDS1411,Angela Lin,2006-02-05,O,7.64,high
412,23BDS1412,Lisa Hunter,2001-03-08,O,5.99,high
413,23BDS1413,Julian Conner,2008-06-02,M,5.62,high
414,23BDS1414,Joanna Pacheco,1999-10-14,O,8.15,low
415,23BDS1415,Erica Alvarez,2000-07-22,O,7.3,mid
416,23BDS1416,Antonio Garcia,2001-01-16,F,6.33,mid
417,23BDS1417,Gwendolyn Klein,2008-01-27,O,8.4,low
418,23BDS1418,Carrie Wright,2003-08-28,M,7.1,mid
419,23BDS1419,Jeffrey Mills,2000-04-24,M,8.06,mid
420,23BDS1420,Jake Campbell,2001-09-25,F,7.06,mid
421,23BDS1421,George Harper,2000-06-16,M,8.85,mid
422,23BDS1422,Maria Jones,2000-01-29,M,8.58,mid
423,23BDS1423,Michael Mitchell,2003-03-13,O,6.78,high
424,23BDS1424,Mary Escobar,2008-08-06,O,7.87,low
425,23BDS1425,Felicia Aguilar,2005-04-06,M,7.58,mid
426,23BDS1426,Gregory Ponce,2004-06-05,F,8.23,mid
427,23BDS1427,Jenna Larson,2006-02-21,F,6.13,mid
428,23BDS1428,Emily Bennett,2005-02-11,O,7.62,high
429,23BDS1429,Robin Santiago,2008-04-01,M,7.95,mid
430,23BDS1430,Nancy Jennings,2007-02-13,O,5.42,mid
431,23BDS1431,Maria Henderson,2005-07-02,F,5.94,low
432,23BDS1432,Jack White,2003-09-09,M,5.16,high
433,23BDS1433,Travis Tucker,2001-07-21,O,6.76,mid
434,23BDS1434,Chad Jones,2005-08-25,O,7.65,low
435,23BDS1435,Ashley Wise,2006-12-22,F,8.35,low
436,23BDS1436,Sophia Johnson,2002-04-24,O,7.07,low
437,23BDS1437,Ralph Anderson,2000-01-15,F,8.47,low
438,23BDS1438,Christopher Guerra,2005-02-18,F,5.76,mid
439,23BDS1439,Rhonda Martin,2004-05-18,M,5.47,low
440,23BDS1440,Jason Rhodes,2001-10-27,M,6.95,high
441,23BDS1441,Jeremy Mitchell,2001-04-06,O,7.35,high
442,23BDS1442,Joann Ferguson,2000-01-23,F,6.97,mid
443,23BDS1443,Robert Harrison,2001-11-21,F,5.14,low
444,23BDS1444,Holly Valentine,1999-09-28,M,6.92,high
445,23BDS1445,Mrs. Diane Reyes,2001-02-25,M,5.83,low
446,23BDS1446,Tracy Montoya,2008-09-16,F,7.6,high
447,23BDS1447,Brenda Wright,2006-10-03,M,7.33,high
448,23BDS1448,Shelly Spencer,2002-12-01,O,6.15,high
449,23BDS1449,Ryan Rosales,2003-04-18,F,6.54,mid
450,23BDS1450,Phillip Nelson,2005-01-05,M,6.05,high
451,23BDS1451,Brittany Kim,2004-05-25,O,6.94,low
452,23BDS1452,Courtney Hayes,2006-05-16,F,7.86,mid
453,23BDS1453,Alexander Brown,2000-05-09,O,6.11,mid
454,23BDS1454,Cynthia Vang,2000-07-19,O,7.45,high
455,23BDS1455,Alfred Galvan,2002-04-19,F,6.52,mid
456,23BDS1456,Marie Moody,2007-03-17,O,6.29,high
457,23BDS1457,Dustin Gallegos,2007-12-22,M,6.9,low
458,23BDS1458,Brenda Thornton,2002-11-14,M,6.07,mid
459,23BDS1459,Aaron Miller,2008-05-29,M,6.5,high
460,23BDS1460,Ruben Dunn,2002-03-24,O,5.92,mid
461,23BDS1461,Kelsey Rodriguez,2005-03-12,M,8.77,mid
462,23BDS1462,Eric Williams,2001-06-27,O,7.03,low
463,23BDS1463,Riley Bryant,2008-02-08,M,6.37,high
464,23BDS1464,Taylor Carlson,2004-11-29,F,7.19,high
465,23BDS1465,Jose Allen,2002-02-01,O,6.9,low
466,23BDS1466,Jeffrey Mendez,2003-05-27,O,6.8,low
467,23BDS1467,Jason Beck,2000-09-11,M,7.55,high
468,23BDS1468,William Jones,2000-05-22,F,7.68,mid
469,23BDS1469,Katie Mcneil,2002-05-21,M,6.52,low
470,23BDS1470,Jeanette Harrison,2008-04-05,M,6.48,low
471,23BDS1471,Veronica King,2006-12-19,F,6.75,mid
472,23BDS1472,Richard Cooper,2008-05-07,F,4.93,high
473,23BDS1473,Lori Ingram,2007-08-16,M,5.64,mid
474,23BDS1474,Evelyn Williams,2007-01-21,F,8.23,low
475,23BDS1475,Robin Thompson,2004-11-29,M,8.48,mid
476,23BDS1476,Julie Dominguez,2005-12-26,O,6.78,high
477,23BDS1477,Robin Brown,2008-06-07,M,7.52,low
478,23BDS1478,Judith Carter,2004-10-21,O,7.28,mid
479,23BDS1479,Curtis Williams,2006-09-01,M,9.5,high
480,23BDS1480,Kaylee Hays,2006-07-22,F,8.01,high
481,23BDS1481,Dawn Mullins,2008-05-22,O,6.88,high
482,23BDS1482,Howard Norman,2003-11-13,F,6.14,high
483,23BDS1483,Evelyn Martinez,2003-11-19,O,5.55,high
484,23BDS1484,Steve Paul,2005-01-07,O,7.18,high
485,23BDS1485,Jasmine Beltran,1999-12-25,M,6.32,low
486,23BDS1486,Jonathan Glass MD,2000-10-13,M,5.72,high
487,23BDS1487,Monica Miller,2000-05-06,M,6.42,high
488,23BDS1488,Samantha Gardner,2005-06-10,M,6.03,high
489,23BDS1489,Bobby Guerrero,2008-09-07,F,8.52,mid
490,23BDS1490,Lance Simmons,2005-10-30,M,7.79,low
491,23BDS1491,Heather Williams,2001-10-22,M,6.99,low
492,23BDS1492,Heather Bolton,2002-07-31,O,8.33,mid
493,23BDS1493,William Gould,2008-05-03,F,7.07,high
494,23BDS1494,Mark Cox,2004-05-21,F,6.22,mid
495,23BDS1495,Meghan Cisneros,1999-10-28,O,8.37,mid
496,23BDS1496,Lawrence Harrington,2007-03-25,O,7.49,mid
497,23BDS1497,Austin Osborne,2001-12-21,M,6.07,low
498,23BDS1498,James Bradley,2000-07-28,F,6.83,low
499,23BDS1499,Meghan Rush,2005-10-20,M,6.21,low
500,23BDS1500,Phillip Berry,2007-02-16,O,5.76,high
501,23BDS1501,Jennifer Banks,2000-06-02,M,7.83,high
502,23BDS1502,Brian Fitzgerald,2008-02-14,F,8.72,mid
503,23BDS1503,Mr. Justin Green III,2004-01-10,M,5.74,low
504,23BDS1504,Zachary Mitchell,2002-12-02,F,7.51,low
505,23BDS1505,Katherine Martinez,2007-10-15,M,6.41,high
506,23BDS1506,Jodi Roach,2002-02-27,M,6.56,high
507,23BDS1507,Brandon Fleming,2008-04-06,F,6.47,low
508,23BDS1508,Emma Reed,2005-11-20,F,6.22,low
509,23BDS1509,Joshua Vance,2007-12-05,F,7.04,high
510,23BDS1510,Michelle Ho,2004-03-24,M,6.25,high
511,23BDS1511,Rebecca Hicks,2001-07-14,M,7.24,low
512,23BDS1512,Curtis Taylor,2006-05-11,M,6.95,mid
513,23BDS1513,Allison Spencer,2007-08-05,O,6.78,mid
514,23BDS1514,Robert Arnold,2001-08-06,M,6.18,mid
515,23BDS1515,Angelica Parker,2001-07-24,F,6.48,mid
516,23BDS1516,Dr. Kelly Hammond DVM,2001-12-25,F,7.68,low
517,23BDS1517,William Day,2005-04-21,F,7.45,mid
518,23BDS1518,Michael Cooper,2001-02-20,M,6.12,mid
519,23BDS1519,Penny Bowman,2000-09-11,F,7.09,high
520,23BDS1520,Vincent Reynolds,2008-01-08,F,7.68,mid
521,23BDS1521,Amy Martinez,2005-10-27,O,5.5,high
522,23BDS1522,Christopher Morris,2005-09-16,O,7.49,high
523,23BDS1523,Hannah Everett,2005-04-06,F,6.4,low
524,23BDS1524,Sarah King,2006-08-13,O,7.51,low
525,23BDS1525,Krista Martinez,2004-08-11,O,6.31,low
526,23BDS1526,Joseph Shaw,2000-02-12,F,5.38,low
527,23BDS1527,Todd Moore,2004-01-29,M,5.54,high
528,23BDS1528,Michelle Jacobs,2005-04-28,M,7.04,low
529,23BDS1529,Kristy Bryan,2004-03-02,F,7.23,high
530,23BDS1530,Angel May,2008-08-09,M,6.19,low
531,23BDS1531,Marilyn Wang,2007-10-24,O,7.57,mid
532,23BDS1532,Mark Jimenez,2007-07-23,F,5.5,mid
533,23BDS1533,Donna Frye,2004-02-26,M,6.94,high
534,23BDS1534,Dr. Michael Evans,2008-08-06,M,5.91,mid
535,23BDS1535,Anthony Gonzales,2007-12-25,O,6.41,mid
536,23BDS1536,Mr. Lawrence Edwards,2002-04-05,F,7.04,high
537,23BDS1537,Morgan Valencia,2001-09-26,F,6.23,mid
538,23BDS1538,Bianca Wood,2004-12-05,O,6.65,mid
539,23BDS1539,Emma Owens,2000-03-23,F,7.91,mid
540,23BDS1540,David Davis,2006-12-06,F,6.48,low
541,23BDS1541,James Gilbert,2004-01-16,O,7.75,high
542,23BDS1542,Sean Moore,2004-08-09,O,5.98,low
543,23BDS1543,Kenneth Edwards,2004-04-05,M,7.48,mid
544,23BDS1544,Kathleen Robertson,2003-04-13,F,8.3,mid
545,23BDS1545,Mr. Alexander Landry MD,2005-11-30,O,4.78,low
546,23BDS1546,Cindy Gomez,2001-04-23,M,6.28,mid
547,23BDS1547,Johnny Khan,2008-07-11,F,7.52,high
548,23BDS1548,Julie Herrera,2006-01-08,M,6.82,high
549,23BDS1549,Jessica Khan,2003-11-17,O,7.33,high
550,23BDS1550,Pamela Diaz,2005-12-10,F,6.46,mid
551,23BDS1551,Kelly Lee,1999-11-04,M,7.08,high
552,23BDS1552,Angel Gordon,2001-08-19,O,6.86,high
553,23BDS1553,Diana Hays,2004-12-19,O,8.05,mid
554,23BDS1554,Barbara Hester,2002-09-01,O,7.23,low
555,23BDS1555,Robert Morgan,2005-04-02,O,7.3,low
556,23BDS1556,Nicole Gonzalez,2002-01-27,O,6.63,mid
557,23BDS1557,Kathryn Williams,2004-09-03,O,6.56,high
558,23BDS1558,Gary Wells,2001-11-14,O,6.61,low
559,23BDS1559,Larry Robertson,2003-12-24,M,7.36,low
560,23BDS1560,Louis Martin,2005-04-03,F,6.62,low
561,23BDS1561,Nancy Evans MD,2003-01-12,F,7.26,mid
562,23BDS1562,Kim Erickson,2004-03-23,M,8.87,low
563,23BDS1563,Robert Richardson,2001-08-19,O,7.78,low
564,23BDS1564,Veronica Silva,2006-01-16,F,6.71,mid
565,23BDS1565,Molly Watts,2003-02-02,O,8.08,mid
566,23BDS1566,John Coffey,2007-06-06,F,6.63,mid
567,23BDS1567,Paula Lane,2002-04-03,O,5.17,low
568,23BDS1568,Lauren Jackson,2001-05-10,M,6.09,low
569,23BDS1569,Lisa Randall,2000-12-01,O,5.32,mid
570,23BDS1570,Michael Johnson,2004-12-02,F,6.68,high
571,23BDS1571,Ashley Smith,2001-10-17,O,7.02,mid
572,23BDS1572,Christian Vaughn,2000-08-20,F,8.51,low
573,23BDS1573,Reginald Knapp,2002-03-02,O,7.29,low
574,23BDS1574,Nancy Brown,2001-11-10,F,6.8,mid
575,23BDS1575,Daniel Nguyen,2003-08-18,F,7.75,high
576,23BDS1576,Kelly Edwards,2003-03-02,F,5.01,high
577,23BDS1577,Thomas Peterson,2001-01-18,O,7.21,low
578,23BDS1578,Raymond Le,2008-05-15,F,7.69,high
579,23BDS1579,Melissa Bishop,2001-01-30,O,5.67,high
580,23BDS1580,David Grant,2006-12-28,M,8.03,high
581,23BDS1581,William Evans,2001-04-29,M,7.3,mid
582,23BDS1582,Daniel Bush,2004-03-26,F,6.63,low
583,23BDS1583,Gregory Peck,2008-09-12,O,7.57,mid
584,23BDS1584,Denise Martinez,2007-05-20,F,9.04,high
585,23BDS1585,Jamie Baird,2004-05-22,O,7.16,low
586,23BDS1586,Tina Ballard,2006-03-23,O,7.22,mid
587,23BDS1587,Dwayne Klein,2006-10-22,M,6.59,low
588,23BDS1588,Jeremy Scott,2002-06-09,O,6.24,mid
589,23BDS1589,Dale Ryan,2004-10-18,O,7.75,low
590,23BDS1590,Melissa Taylor,2004-11-06,F,6.23,mid
591,23BDS1591,Laurie Sanchez,2003-04-28,F,7.06,high
592,23BDS1592,Kiara Little,2005-12-14,O,6.57,mid
593,23BDS1593,Jason Love,2000-04-11,M,7.43,high
594,23BDS1594,Randy Smith,2007-01-23,F,7.3,mid
595,23BDS1595,Tanya Russell,2004-01-10,F,7.93,high
596,23BDS1596,Sherry Woods,2005-05-28,M,6.54,high
597,23BDS1597,Victor Morris,2003-10-15,F,6.76,mid
598,23BDS1598,Susan Davis,2002-10-01,O,6.12,mid
599,23BDS1599,Kimberly Sharp,2002-12-26,O,6.6,low
600,23BDS1600,Susan Thompson,2004-10-12,O,7.34,mid
601,23BDS1601,Casey Gillespie,2008-02-15,F,7.68,low
602,23BDS1602,Jennifer Simpson DVM,2002-01-21,F,6.17,mid
603,23BDS1603,Tammy Mcdowell,1999-12-01,F,7.78,low
604,23BDS1604,Keith Rodriguez,2000-10-29,F,8.22,high
605,23BDS1605,Mrs. Virginia Daniels,2007-07-18,O,7.37,mid
606,23BDS1606,Todd Rosales MD,2008-05-28,M,8.69,high
607,23BDS1607,Brian Martin,2001-07-12,O,6.3,mid
608,23BDS1608,David Lopez,2004-12-02,F,5.88,low
609,23BDS1609,Rachel Bradley,2005-07-31,O,5.4,mid
610,23BDS1610,Casey Chase,2001-04-22,M,8.35,low
611,23BDS1611,Samantha Robertson,2006-10-05,O,7.59,low
612,23BDS1612,Michael Lopez,2002-12-07,M,6.95,mid
613,23BDS1613,Franklin Wright,2005-10-18,F,7.25,high
614,23BDS1614,David Molina,2004-02-15,O,5.99,mid
615,23BDS1615,Elizabeth Sharp,2006-05-14,O,9.2,high
616,23BDS1616,Matthew Schwartz,2007-09-30,O,7.12,low
617,23BDS1617,Bryan Parker,2003-03-02,O,7.1,mid
618,23BDS1618,Jonathan Jacobson,2002-04-26,F,7.65,mid
619,23BDS1619,Emily Wilson,2005-06-04,M,7.43,high
620,23BDS1620,Elizabeth Mendez,2001-01-15,M,7.2,mid
621,23BDS1621,Casey Hernandez,2001-03-30,O,6.29,low
622,23BDS1622,Lisa Perry,2007-01-03,F,7.42,mid
623,23BDS1623,Kaitlin Medina,2002-10-10,M,8.69,low
624,23BDS1624,Colleen Wright,2005-06-02,M,8.21,low
625,23BDS1625,Shelley Miller,2004-11-18,M,8.43,high
626,23BDS1626,Michael Miller,2007-05-19,M,6.54,high
627,23BDS1627,Amy Kelley,2000-05-18,M,6.11,low
628,23BDS1628,Laura Hernandez,2001-03-12,M,6.89,high
629,23BDS1629,Joseph Wilson,2001-10-16,F,7.05,high
630,23BDS1630,Kevin Davis,2002-08-03,O,7.98,low
631,23BDS1631,Rhonda Chavez,2002-05-11,M,5.48,mid
632,23BDS1632,Joyce Brown,2002-02-22,F,8.38,mid
633,23BDS1633,Robert Cummings,2005-07-16,F,6.86,high
634,23BDS1634,Robert Reese,2002-03-06,O,6.62,high
635,23BDS1635,Amber Cooper,2003-09-28,O,6.09,low
636,23BDS1636,Zachary Michael,2007-07-03,M,5.51,low
637,23BDS1637,Timothy Johnson,2003-01-03,O,7.74,low
638,23BDS1638,Randy Cannon,2005-01-07,O,7.07,low
639,23BDS1639,Maria Fisher,2008-06-05,F,5.84,mid
640,23BDS1640,Janet Kane DVM,2003-06-19,F,5.83,low
641,23BDS1641,Michael Stanley,2001-05-23,F,6.7,low
642,23BDS1642,Martha Bailey,1999-12-11,M,8.5,high
643,23BDS1643,Joshua Rice,2006-04-15,M,6.77,low
644,23BDS1644,Courtney Smith,2005-09-11,O,5.65,high
645,23BDS1645,Edwin Nunez,2008-03-15,O,6.78,low
646,23BDS1646,Kim Morrow,2006-01-16,M,6.75,low
647,23BDS1647,Gregory Hill,2000-06-16,M,4.57,high
648,23BDS1648,Molly Rodriguez,2001-03-28,F,6.95,mid
649,23BDS1649,Jennifer Miranda,2000-08-30,M,6.79,mid
650,23BDS1650,Alexis Harris,2000-04-23,M,7.63,high
651,23BDS1651,Andrew Harper,2007-08-25,O,8.66,high
652,23BDS1652,Amber Yang,2004-09-03,O,8.01,mid
653,23BDS1653,David Robinson,1999-12-22,F,6.76,high
654,23BDS1654,Amy Gordon,2003-04-24,M,6.0,high
655,23BDS1655,Robert Dennis,2006-08-16,O,9.32,high
656,23BDS1656,Kyle Chambers,2000-06-26,M,7.05,high
657,23BDS1657,Eric Thomas,2002-02-05,M,7.01,high
658,23BDS1658,Connie Turner,2001-02-18,F,6.98,mid
659,23BDS1659,Travis Hobbs,2005-08-19,M,7.18,high
660,23BDS1660,Lori Simmons,2007-09-16,F,6.87,mid
661,23BDS1661,William David DDS,2002-07-10,O,6.48,low
662,23BDS1662,Emma Butler,2001-12-18,O,6.51,mid
663,23BDS1663,James Webster,2002-04-18,O,6.97,low
664,23BDS1664,Samuel Turner,2005-05-17,O,6.51,mid
665,23BDS1665,Renee Melendez,2000-12-01,F,6.36,mid
666,23BDS1666,Tracy Grant,2007-04-15,F,7.1,high
667,23BDS1667,David Harris,1999-12-29,O,6.77,mid
668,23BDS1668,Tammy Boone,2005-09-16,O,8.35,mid
669,23BDS1669,Nathaniel Lee,2007-06-25,O,4.61,high
670,23BDS1670,Michael Morrison,2002-08-31,F,7.98,low
671,23BDS1671,Chelsea Gill,2004-01-09,O,8.12,mid
672,23BDS1672,Kristin Mendoza,2008-07-06,F,5.13,high
673,23BDS1673,Felicia Krueger,2004-08-08,M,6.69,low
674,23BDS1674,Timothy Hayden,2002-03-10,O,6.67,mid
675,23BDS1675,Zachary Mendoza,2003-09-28,F,5.73,mid
676,23BDS1676,Larry Harris,2008-06-18,F,6.3,mid
677,23BDS1677,Kristen Rowe,2006-01-06,F,6.0,low
678,23BDS1678,Joseph Howard,2001-05-01,M,8.58,low
679,23BDS1679,Jose Crawford,2005-02-11,O,7.84,mid
680,23BDS1680,William Harrison,2005-06-01,F,8.14,mid
681,23BDS1681,Suzanne Wood,2005-06-17,O,7.65,low
682,23BDS1682,Justin Walker,2004-10-24,F,5.98,high
683,23BDS1683,Dean Donovan,2004-06-13,O,6.53,low
684,23BDS1684,Jennifer Hernandez,2005-06-29,M,7.44,high
685,23BDS1685,James Whitaker,2002-07-11,F,5.9,high
686,23BDS1686,Mr. Michael Scott PhD,2002-11-11,F,7.64,high
687,23BDS1687,Maria Henry,2004-08-05,M,6.78,mid
688,23BDS1688,Robert Jackson,2006-12-24,O,6.66,mid
689,23BDS1689,Katherine Stark,2003-09-18,F,7.64,high
690,23BDS1690,Maria Brown,2003-01-11,M,7.4,high
691,23BDS1691,Ryan Landry,2002-01-28,F,6.68,high
692,23BDS1692,Pamela Gutierrez,2002-06-21,F,8.04,low
693,23BDS1693,Crystal Mann,1999-09-28,F,6.03,mid
694,23BDS1694,Jonathan Brooks,2007-01-28,O,7.55,high
695,23BDS1695,Mary Jensen,2007-05-16,M,7.53,high
696,23BDS1696,Mr. Aaron Arnold,2002-10-31,M,6.72,low
697,23BDS1697,Joseph Hill,2003-12-17,M,7.29,mid
698,23BDS1698,Alicia Li,1999-10-24,M,5.87,high
699,23BDS1699,Renee Browning,2008-01-14,F,7.83,mid
700,23BDS1700,Brent Hernandez,2008-04-05,O,6.83,high
701,23BDS1701,Joseph Ochoa,2004-01-12,M,6.53,low
702,23BDS1702,James Watson,1999-10-27,O,7.94,low
703,23BDS1703,Karl Branch,2003-08-12,M,6.37,mid
704,23BDS1704,Michael Abbott,2002-05-17,M,5.73,low
705,23BDS1705,Shannon Malone,2001-10-26,F,5.6,mid
706,23BDS1706,James Tran,1999-10-20,F,7.55,high
707,23BDS1707,Adam Jackson,2003-02-06,F,5.85,low
708,23BDS1708,Mr. Richard Knight PhD,2003-06-11,O,8.58,high
709,23BDS1709,Joseph Williams,2004-10-13,F,5.13,high
710,23BDS1710,Sean Clay,2003-04-16,F,8.53,low
711,23BDS1711,Anthony Jones,2001-03-16,M,7.19,low
712,23BDS1712,Stephanie Elliott,2006-05-16,M,6.91,low
713,23BDS1713,Timothy Edwards,2003-03-31,F,6.51,high
714,23BDS1714,Laurie Goodwin,2003-02-22,F,7.36,mid
715,23BDS1715,Jennifer Jones,2002-02-07,O,6.97,mid
716,23BDS1716,David Davenport,2003-07-16,O,7.99,high
717,23BDS1717,Steven Rivera,2001-11-22,M,7.1,high
718,23BDS1718,Brenda Hinton,2006-08-14,O,7.14,high
719,23BDS1719,Kathryn Mccann,2007-12-05,F,6.67,low
720,23BDS1720,Jeffrey Roberson,2007-01-03,F,6.95,mid
721,23BDS1721,Randy Friedman,2005-11-25,M,7.28,mid
722,23BDS1722,Raymond Johnson,2002-04-20,F,5.46,mid
723,23BDS1723,Willie Henry,2006-06-04,F,5.79,mid
724,23BDS1724,Todd Reynolds,2007-01-07,F,7.67,mid
725,23BDS1725,Mary Miller,2003-06-15,F,7.15,mid
726,23BDS1726,Rebecca Marquez,2007-06-03,O,6.83,high
727,23BDS1727,Christian Dawson,2001-05-18,O,7.02,high
728,23BDS1728,Nancy Stewart,2002-05-06,O,7.31,low
729,23BDS1729,Aaron Parker,2005-06-21,O,6.51,high
730,23BDS1730,Derrick Anderson,2005-04-19,O,6.3,high
731,23BDS1731,Jerry Peters,2002-03-09,M,7.18,mid
732,23BDS1732,Alexander Gomez,2005-05-05,F,6.12,low
733,23BDS1733,Kyle Nguyen,2001-06-05,M,7.37,mid
734,23BDS1734,Edgar Hughes,1999-11-29,F,5.47,low
735,23BDS1735,Steven Stein,2000-03-08,F,7.93,high
736,23BDS1736,Laura Jackson,2004-07-20,F,7.43,high
737,23BDS1737,Charles Turner,2001-05-30,M,7.23,mid
738,23BDS1738,Arthur Hamilton MD,2000-08-28,F,7.88,mid
739,23BDS1739,Mr. David Wright,2002-02-28,F,8.5,mid
740,23BDS1740,Linda Gonzalez,2006-03-05,O,7.91,high
741,23BDS1741,Eric Rush,2006-04-13,O,5.34,high
742,23BDS1742,Manuel Brock,2001-10-31,F,5.85,high
743,23BDS1743,George Ochoa,2001-02-03,O,6.44,low
744,23BDS1744,Valerie Taylor,2004-03-06,M,7.02,mid
745,23BDS1745,Travis Harris,2002-10-25,F,7.47,low
746,23BDS1746,Vincent Novak,2002-07-17,M,6.35,high
747,23BDS1747,Michael Henry,2006-12-07,O,7.17,high
748,23BDS1748,Dana Bennett,2008-09-20,O,6.32,low
749,23BDS1749,Jenna Wilson,2003-11-29,M,6.45,mid
750,23BDS1750,Leslie Gardner,2006-11-11,F,5.73,mid
751,23BDS1751,Krista Benton,2002-09-16,O,6.17,high
752,23BDS1752,Michael Gonzales,2007-05-01,O,5.78,high
753,23BDS1753,Michael Fuentes,2008-04-21,O,6.12,high
754,23BDS1754,Jennifer Porter,2000-03-29,M,7.95,mid
755,23BDS1755,Dana Hopkins,2006-09-20,M,6.15,low
756,23BDS1756,Rachel Jones,2000-05-18,O,9.37,high
757,23BDS1757,Karen Morales DDS,2003-12-20,F,7.44,high
758,23BDS1758,Melissa Stephens,2001-06-19,M,7.17,low
759,23BDS1759,Heather Woodard,2007-04-24,F,6.23,mid
760,23BDS1760,Margaret Miller,2007-02-04,M,7.63,high
761,23BDS1761,Mary Kelly,2007-03-12,M,6.48,mid
762,23BDS1762,Amanda Terrell,2000-11-01,F,7.11,high
763,23BDS1763,Jennifer Goodwin,2006-08-26,F,9.3,mid
764,23BDS1764,Jessica Smith,2001-12-23,F,6.91,low
765,23BDS1765,Jorge Stone,2006-09-05,M,8.03,high
766,23BDS1766,Laura Griffin,2003-09-22,F,6.37,high
767,23BDS1767,Raymond Chapman,2006-05-18,F,6.97,high
768,23BDS1768,Haley Johnson,2000-01-15,F,8.59,high
769,23BDS1769,Jason Nixon,2003-11-20,F,6.44,high
770,23BDS1770,Todd Thomas,2006-09-05,F,8.63,low
771,23BDS1771,Jesse Clark,2004-06-05,F,7.64,high
772,23BDS1772,Mr. Jeffrey Horton,2008-07-30,F,6.49,high
773,23BDS1773,Eric Patrick,2003-12-29,M,7.57,mid
774,23BDS1774,Samuel Wong,2005-11-14,F,7.88,high
775,23BDS1775,Carly Riggs,2002-07-19,M,7.56,mid
776,23BDS1776,Christopher Moore,2002-08-24,O,5.59,low
777,23BDS1777,Tina Hall,2005-05-26,O,6.35,mid
778,23BDS1778,Cody Davidson,2000-02-12,M,6.78,mid
779,23BDS1779,Allen Mendez,2008-03-05,F,6.93,low
780,23BDS1780,Kevin Price,2004-06-04,M,7.56,low
781,23BDS1781,Christine Goodwin,2002-01-06,O,7.16,mid
782,23BDS1782,Amy Garcia,2005-06-26,M,5.8,mid
783,23BDS1783,Chelsea Nguyen,2001-07-11,O,7.34,low
784,23BDS1784,Dennis Huffman,2007-09-23,M,7.55,low
785,23BDS1785,Margaret Harper,2007-07-06,M,7.5,low
786,23BDS1786,Laurie Bailey,2001-09-12,M,7.97,low
787,23BDS1787,Lisa Cervantes,2000-10-02,M,7.75,low
788,23BDS1788,Elizabeth Mendez,2005-06-08,M,7.41,mid
789,23BDS1789,Cesar Wilson,2002-08-29,O,6.94,low
790,23BDS1790,Clayton Steele,2001-03-30,M,5.51,high
791,23BDS1791,Jennifer Taylor,2002-03-22,M,7.39,high
792,23BDS1792,Cody Reid,2000-10-24,M,7.19,high
793,23BDS1793,Maria Cooke,2006-11-03,F,7.24,high
794,23BDS1794,Katherine Taylor,1999-10-26,O,5.85,low
795,23BDS1795,Jerry Brown,2000-02-12,M,6.03,high
796,23BDS1796,Adam Taylor,2006-10-16,O,7.95,mid
797,23BDS1797,Tracey Wagner,2004-01-06,M,6.96,high
798,23BDS1798,Michael Perry PhD,2005-02-07,F,7.61,low
799,23BDS1799,Bradley Johnson DDS,2003-01-30,O,7.03,high
800,23BDS1800,Donald Medina,2000-07-17,F,7.03,mid
801,23BDS1801,Jim Newton,2001-02-26,F,7.84,low
802,23BDS1802,Krista Wilson,2000-07-23,M,6.54,low
803,23BDS1803,Reginald Morrow,2005-04-22,O,7.09,low
804,23BDS1804,Rodney Williams,2008-02-12,O,6.58,high
805,23BDS1805,Kimberly Fritz,2008-09-17,O,6.61,high
806,23BDS1806,Ronald Potter,2005-05-13,O,6.72,low
807,23BDS1807,Zachary Cole,2000-04-10,M,7.2,high
808,23BDS1808,Robert Gonzales,2005-07-16,M,6.57,mid
809,23BDS1809,Patricia Young PhD,2006-01-18,F,8.13,low
810,23BDS1810,Heather Page,2006-11-11,M,6.19,mid
811,23BDS1811,Carol Taylor,2000-11-13,O,6.83,mid
812,23BDS1812,Daniel Brown,2001-10-31,M,6.6,high
813,23BDS1813,Douglas Ryan,2008-07-28,F,8.3,high
814,23BDS1814,Michael Roberts,2006-11-01,O,7.18,low
815,23BDS1815,Scott Duke,2006-07-20,O,7.93,mid
816,23BDS1816,Anna Estes,2006-12-27,F,5.66,high
817,23BDS1817,Tamara Riddle,2003-09-08,F,7.24,mid
818,23BDS1818,Beth Cline,2001-06-22,O,7.8,high
819,23BDS1819,Michael Poole,2005-12-10,M,7.07,mid
820,23BDS1820,Megan Burns,2002-12-17,M,7.96,low
821,23BDS1821,Debra Perry,2000-12-12,O,6.53,high
822,23BDS1822,Mark Beard,2007-10-29,O,8.27,low
823,23BDS1823,Jose Ramirez,2004-02-08,O,9.07,mid
824,23BDS1824,Jackie Clements,2003-09-04,M,6.67,mid
825,23BDS1825,Aaron Schroeder,2002-05-23,M,6.6,low
826,23BDS1826,Monica Ellis,2006-01-04,O,8.31,mid
827,23BDS1827,Heather Brown,2001-06-11,F,8.42,high
828,23BDS1828,Claudia Jordan,2001-06-01,O,6.53,high
829,23BDS1829,Derrick Clayton,2002-11-13,O,6.62,mid
830,23BDS1830,Kenneth Knight,2006-05-01,M,6.75,mid
831,23BDS1831,Mr. Michael Williams,2002-03-20,O,5.79,mid
832,23BDS1832,Richard Stevens,2007-03-22,M,6.17,mid
833,23BDS1833,Scott Alexander,2007-12-20,F,6.1,high
834,23BDS1834,Tyler Harris,2004-09-23,O,6.31,high
835,23BDS1835,Bonnie Santos,2000-05-10,F,6.97,mid
836,23BDS1836,Timothy Hill,2001-02-17,O,7.21,low
837,23BDS1837,Danielle Watson,2002-05-26,F,8.4,low
838,23BDS1838,Carol Sanders,2002-02-08,M,6.1,high
839,23BDS1839,Michael Young,2003-01-16,O,7.89,low
840,23BDS1840,Michele Smith,1999-09-29,O,6.81,mid
841,23BDS1841,Casey Perez,2005-06-24,F,6.96,low
842,23BDS1842,Alexandra Dominguez,2003-02-24,M,7.61,high
843,23BDS1843,Virginia Henderson,2001-05-29,F,5.99,mid
844,23BDS1844,Benjamin Reyes,1999-11-27,F,7.34,mid
845,23BDS1845,Ashley Edwards,2007-06-14,M,7.15,high
846,23BDS1846,Breanna Ayala,2006-09-21,F,7.44,low
847,23BDS1847,Brandi Haney,2001-11-20,F,7.26,high
848,23BDS1848,Joseph Smith,2006-03-24,O,9.21,high
849,23BDS1849,Jessica Bowen,2005-08-30,F,6.43,low
850,23BDS1850,Brittany Jenkins,2004-08-03,O,6.52,mid
851,23BDS1851,Shannon Miller,2003-03-24,M,6.44,low
852,23BDS1852,Paul Lawrence,2004-06-15,F,6.5,low
853,23BDS1853,Victor Edwards,2004-03-19,M,6.43,mid
854,23BDS1854,Donald Miller,2004-09-13,O,8.07,mid
855,23BDS1855,Lindsay Lawson,2005-04-03,O,8.28,high
856,23BDS1856,Melissa Abbott,2002-08-22,O,6.49,low
857,23BDS1857,Elizabeth Holmes,2005-07-04,F,6.25,mid
858,23BDS1858,Nicole Phillips,2000-09-24,O,7.42,low
859,23BDS1859,Steven Blevins,2004-06-12,O,6.5,low
860,23BDS1860,Brian Porter MD,2000-05-03,F,7.57,mid
861,23BDS1861,Vanessa Hatfield,2007-04-04,F,7.18,mid
862,23BDS1862,Bonnie Valencia,2000-11-26,F,5.64,low
863,23BDS1863,Holly Vega,2007-08-08,O,8.39,mid
864,23BDS1864,Tiffany Townsend,2001-07-22,O,8.62,low
865,23BDS1865,Austin Baker,2004-02-08,F,6.45,mid
866,23BDS1866,Antonio Mccormick,2000-08-16,F,6.65,high
867,23BDS1867,Lori Mason,2004-11-16,M,7.26,mid
868,23BDS1868,Michael Miller,2007-04-07,M,7.3,low
869,23BDS1869,Lisa Ramirez,2005-08-29,F,7.59,mid
870,23BDS1870,Jorge Harris,2004-06-20,F,8.81,low
871,23BDS1871,Kimberly Myers,2006-01-18,M,6.84,mid
872,23BDS1872,Sandra Becker,2002-01-15,F,6.28,low
873,23BDS1873,Michael Blair,2003-01-13,O,5.76,low
874,23BDS1874,Amy Miller,2005-03-11,O,6.34,mid
875,23BDS1875,Jesse Lynch,2000-05-17,O,6.97,low
876,23BDS1876,Patrick Yang,2008-02-10,F,8.62,high
877,23BDS1877,Michael Miles,2001-08-13,F,6.53,high
878,23BDS1878,Troy Mills,2004-02-28,M,7.2,mid
879,23BDS1879,Michelle Jackson,2007-09-30,F,6.99,low
880,23BDS1880,Richard Adams,2000-06-15,F,8.07,low
881,23BDS1881,Patricia Johnson,2006-12-12,M,9.27,low
882,23BDS1882,Denise Brown,2000-04-13,F,6.52,mid
883,23BDS1883,Laura Jones,2004-10-04,M,6.56,mid
884,23BDS1884,Ian Porter,2008-03-07,F,7.94,high
885,23BDS1885,Holly Scott,2003-06-25,F,7.61,low
886,23BDS1886,Kenneth Sharp,2003-01-22,F,8.66,high
887,23BDS1887,Jordan Williams,2006-02-11,F,7.53,mid
888,23BDS1888,Dana Ruiz,2007-02-25,O,6.68,mid
889,23BDS1889,Chris Velazquez,2002-02-17,O,7.53,high
890,23BDS1890,Kristen Sloan,2000-02-07,F,8.0,low
891,23BDS1891,Jennifer Morris,2000-05-15,O,7.74,low
892,23BDS1892,Nathan Nelson,2002-06-22,M,7.46,low
893,23BDS1893,Jake Shaw,2008-03-28,O,7.96,mid
894,23BDS1894,Cassie Brock,2008-05-20,M,8.05,low
895,23BDS1895,Dr. Andrea Marshall,2000-08-11,M,8.24,low
896,23BDS1896,Ryan Murphy,2006-04-07,M,7.58,high
897,23BDS1897,Aimee Gonzalez,2004-07-10,O,6.85,high
898,23BDS1898,Elizabeth Dean,2001-06-10,F,7.13,high
899,23BDS1899,Kevin Snyder,2004-06-22,F,8.09,high
900,23BDS1900,Christie Mccullough,2001-12-22,O,6.26,mid
901,23BDS1901,Danielle Smith,2005-05-14,M,7.33,low
902,23BDS1902,David Reed,2001-05-07,O,6.65,mid
903,23BDS1903,Sherry Tapia,2006-06-25,F,7.03,low
904,23BDS1904,Matthew Sweeney,2003-06-23,O,8.15,mid
905,23BDS1905,Ashley Moreno,2000-09-07,O,7.17,low
906,23BDS1906,Johnathan Brown,2005-06-26,F,7.04,low
907,23BDS1907,Michelle Davis DVM,2002-12-16,F,5.78,low
908,23BDS1908,Kelly Haynes,2003-11-13,M,7.67,mid
909,23BDS1909,William Miller,2005-09-22,M,7.58,high
910,23BDS1910,Casey Wilkins,2007-09-07,F,8.95,high
911,23BDS1911,Keith Graham,2001-03-28,M,6.72,mid
912,23BDS1912,Cynthia Green,2001-05-12,F,7.2,low
913,23BDS1913,Robert Haynes,2003-05-09,O,7.22,low
914,23BDS1914,Emily Nelson,2002-10-10,M,8.42,mid
915,23BDS1915,Dale Chan,2001-02-28,F,6.91,high
916,23BDS1916,Brittney Martin,2008-09-21,O,7.25,high
917,23BDS1917,Jason Herrera,2003-09-22,O,7.55,low
918,23BDS1918,Christine Parker,2002-11-28,F,7.17,high
919,23BDS1919,Bryan Moore,2002-07-29,F,6.6,high
920,23BDS1920,Samantha Terry,2008-08-29,O,7.17,high
921,23BDS1921,Russell Murphy,2002-08-29,O,7.97,low
922,23BDS1922,David Kelly,2003-01-31,F,6.08,high
923,23BDS1923,Megan Green,2006-08-13,F,7.12,low
924,23BDS1924,Amanda Sullivan MD,2003-08-12,O,6.37,mid
925,23BDS1925,Danielle Murray,2006-04-09,O,8.08,mid
926,23BDS1926,Brenda Smith,2005-03-19,F,5.63,low
927,23BDS1927,Vickie Anderson,2004-10-21,F,6.5,high
928,23BDS1928,Jacqueline Mccoy,2001-08-30,O,7.34,mid
929,23BDS1929,Lauren Green,2006-08-18,F,8.41,low
930,23BDS1930,Alison Brown,2008-01-28,F,6.94,high
931,23BDS1931,Jill Anderson,2002-01-09,F,6.5,mid
932,23BDS1932,Sandra Rivera,2008-05-23,F,8.69,low
933,23BDS1933,Joel Jackson,2003-10-07,M,5.7,high
934,23BDS1934,Samantha Foster,2003-04-24,M,5.02,high
935,23BDS1935,Michael Thompson,2006-04-11,O,7.4,low
936,23BDS1936,Cody Ramirez,2008-08-01,M,6.55,high
937,23BDS1937,Amanda Harvey,2005-02-05,F,6.08,mid
938,23BDS1938,Edward Jenkins,2004-05-24,M,7.64,low
939,23BDS1939,Amy Ramirez,2008-09-05,O,7.22,high
940,23BDS1940,Curtis Wilkerson,2002-06-15,O,6.49,high
941,23BDS1941,Lydia Pham,2002-06-10,O,5.85,high
942,23BDS1942,Virginia Casey,2001-09-25,M,7.79,high
943,23BDS1943,Joshua Washington,2007-06-10,M,7.59,high
944,23BDS1944,Kathryn Price,1999-12-07,M,6.91,low
945,23BDS1945,Francis Robinson,2007-02-19,O,8.66,mid
946,23BDS1946,Paula Brown,2005-12-11,F,6.04,mid
947,23BDS1947,Kendra Wang DVM,2002-03-22,F,5.63,low
948,23BDS1948,Ariel Sandoval,2004-09-20,O,6.38,high
949,23BDS1949,Robert Stark,2004-09-29,O,6.96,mid
950,23BDS1950,Zachary Robinson,2008-01-27,O,7.22,mid
951,23BDS1951,Rebecca Kelly,2001-02-16,O,6.78,mid
952,23BDS1952,Sarah Thompson,2000-01-29,F,7.32,high
953,23BDS1953,Renee Wolfe,2002-12-09,M,5.87,low
954,23BDS1954,Alyssa Haynes,2000-12-25,M,8.3,mid
955,23BDS1955,Kristy Hart,2003-01-15,F,6.93,low
956,23BDS1956,William Keith,2004-12-23,M,8.01,mid
957,23BDS1957,Eric Henry Jr.,2001-11-01,F,7.31,low
958,23BDS1958,Daniel Fox,2007-01-14,M,7.41,high
959,23BDS1959,Thomas Harris,2000-07-25,F,7.51,high
960,23BDS1960,Mitchell Sellers,2003-05-03,M,7.4,high
961,23BDS1961,Erica Johnson,2007-12-31,O,7.58,low
962,23BDS1962,Sylvia Schroeder,2006-05-07,O,8.2,high
963,23BDS1963,Shannon Yu,2006-04-02,M,7.18,high
964,23BDS1964,Tom Foster,2006-11-16,F,7.64,mid
965,23BDS1965,Eric Taylor,2001-04-17,M,6.92,low
966,23BDS1966,Travis Conner,2007-03-03,M,8.3,low
967,23BDS1967,Marie Thompson,2005-12-11,O,6.39,mid
968,23BDS1968,Melissa Mcfarland,2004-12-03,F,8.62,high
969,23BDS1969,Courtney Chapman,2007-11-28,O,6.96,mid
970,23BDS1970,Eric Barker,2005-02-04,M,5.71,high
971,23BDS1971,Nicholas Rush,2002-06-10,O,7.12,low
972,23BDS1972,Jenna Gamble,2006-04-25,F,6.39,high
973,23BDS1973,Amanda Guzman,2004-12-03,M,7.76,mid
974,23BDS1974,Tracy Walker,2000-06-11,M,6.41,high
975,23BDS1975,Taylor Taylor,2000-03-28,O,6.6,mid
976,23BDS1976,Cynthia Haas,2006-09-04,F,5.3,high
977,23BDS1977,Stephen Davis,2002-11-13,F,6.59,low
978,23BDS1978,Margaret Tanner,2007-02-03,F,4.82,low
979,23BDS1979,Derek Wright,2003-06-27,F,5.57,low
980,23BDS1980,David Rodriguez,2007-07-20,F,7.68,high
981,23BDS1981,James Oconnor,2007-07-26,M,7.71,mid
982,23BDS1982,Stacey Snyder,2001-10-11,M,7.38,low
983,23BDS1983,Joshua Garcia,2005-08-12,F,6.13,mid
984,23BDS1984,Sean Curtis,2005-02-27,F,6.96,low
985,23BDS1985,Carla Jones,1999-11-03,M,7.0,low
986,23BDS1986,Elizabeth Flores,2006-09-26,M,5.96,low
987,23BDS1987,Angela Jackson,2003-03-07,F,8.35,low
988,23BDS1988,Nicholas Payne,2002-06-25,F,7.79,mid
989,23BDS1989,Anna Wheeler,2000-02-09,M,6.8,mid
990,23BDS1990,Karen Johnson,2004-08-06,O,7.02,high
991,23BDS1991,Carmen Preston,2001-01-30,O,7.19,mid
992,23BDS1992,Brian Harris,2004-04-04,O,5.16,high
993,23BDS1993,Michael Bowen,2001-09-21,M,6.78,mid
994,23BDS1994,Deborah Campbell,2000-03-11,M,6.39,mid
995,23BDS1995,Anthony Armstrong,2006-04-28,M,6.1,low
996,23BDS1996,Brittany Ward,2003-04-10,O,6.75,high
997,23BDS1997,Edward Stanley,2003-10-01,F,8.62,low
998,23BDS1998,Christina Johnson,2005-02-03,M,7.58,mid
999,23BDS1999,Edgar Miller,2004-04-12,M,6.49,mid
1000,23BDS2000,Elizabeth Sanders,2001-09-26,M,7.52,low
1001,23BDS2001,Matthew Davis MD,2002-05-06,O,8.26,high
1002,23BDS2002,Stephen Wood,2003-04-15,F,7.83,mid
1003,23BDS2003,Dennis Marshall,2000-12-04,O,7.05,mid
1004,23BDS2004,Derrick Brown,2000-06-24,O,6.42,low
1005,23BDS2005,Mary Miller,2004-11-17,O,7.63,mid
1006,23BDS2006,Joshua Arellano,2000-03-07,M,7.35,mid
1007,23BDS2007,Kristen Randall,2003-05-01,O,7.81,mid
1008,23BDS2008,Jennifer Nichols,2000-07-02,F,7.57,high
1009,23BDS2009,Karen Keith,2004-04-02,F,7.94,mid
1010,23BDS2010,Blake Orr,2006-09-14,F,6.52,mid
1011,23BDS2011,Kathryn Lester,2000-11-28,F,8.19,mid
1012,23BDS2012,Megan Oliver,2000-12-13,O,7.18,low
1013,23BDS2013,Peter Thompson,2004-10-08,F,8.87,mid
1014,23BDS2014,Dr. Rhonda Martinez,2004-02-17,F,6.38,high
1015,23BDS2015,William Graham,2005-08-10,O,8.56,mid
1016,23BDS2016,Lori Flowers MD,2001-07-02,O,7.18,mid
1017,23BDS2017,Suzanne Jones,2005-04-13,M,6.41,high
1018,23BDS2018,James Nguyen,2006-05-11,O,6.56,mid
1019,23BDS2019,Jimmy Marks,2001-12-14,O,6.71,low
1020,23BDS2020,Lisa Mills,2000-05-19,M,7.38,high
1021,23BDS2021,Jason Hernandez,2006-09-24,M,7.47,mid
1022,23BDS2022,Olivia Ayers,2002-08-25,O,6.48,low
1023,23BDS2023,Kristine Garcia,2008-01-21,M,6.98,mid
1024,23BDS2024,Joseph Cooper,2000-07-17,F,8.93,high
1025,23BDS2025,James Washington,2005-10-13,O,8.55,low
1026,23BDS2026,Amanda Hill,2003-07-20,M,7.39,high
1027,23BDS2027,Lee Steele,2002-11-15,M,7.03,mid
1028,23BDS2028,Steve Rivera,2002-08-16,M,7.11,mid
1029,23BDS2029,Patrick Mccall,2005-01-30,M,7.55,low
1030,23BDS2030,Alicia Roth,1999-12-15,O,6.08,low
1031,23BDS2031,Douglas Vasquez,2002-06-25,M,6.77,mid
1032,23BDS2032,Annette Melton,2008-08-17,M,5.5,high
1033,23BDS2033,William Ramos,2005-04-14,M,7.36,mid
1034,23BDS2034,Debra Butler,2008-08-25,F,7.58,mid
1035,23BDS2035,Chelsea Lewis,2003-09-19,F,6.57,mid
1036,23BDS2036,Natalie Malone,2001-01-18,O,8.42,high
1037,23BDS2037,Samantha Robertson,2000-02-21,O,5.9,high
1038,23BDS2038,Eric Hunter,2007-02-07,F,5.68,mid
1039,23BDS2039,Samuel Suarez,2001-07-14,F,7.2,low
1040,23BDS2040,Corey Whitaker,2003-02-07,M,7.94,high
1041,23BDS2041,Danielle Bryant,2006-07-23,M,8.52,mid
1042,23BDS2042,Michele Hill,2007-05-31,F,6.59,mid
1043,23BDS2043,Kathy Reid,2000-09-30,O,7.97,mid
1044,23BDS2044,Andre Watson,2000-03-24,F,6.97,low
1045,23BDS2045,Cassandra Harrell,2008-04-12,O,6.84,high
1046,23BDS2046,Hannah Martin,2008-01-30,F,7.8,mid
1047,23BDS2047,Nicole Barker,2007-07-23,M,7.59,high
1048,23BDS2048,James Martin,2007-02-13,O,5.58,mid
1049,23BDS2049,Traci Vincent,1999-11-11,M,8.33,mid
1050,23BDS2050,Megan Adams,2005-12-25,F,8.24,high
1051,23BDS2051,Alejandro Deleon,2000-09-26,O,6.44,low
1052,23BDS2052,Alexa Buck,2003-10-15,O,7.36,low
1053,23BDS2053,Lindsay Smith,1999-12-10,O,7.44,high
1054,23BDS2054,Robert Torres,2001-08-14,M,7.23,high
1055,23BDS2055,Maria Coleman,2004-07-30,F,6.5,mid
1056,23BDS2056,Gregory King,2001-07-28,M,6.4,mid
1057,23BDS2057,Michael Holloway,2004-06-12,O,6.98,high
1058,23BDS2058,Brian Hunt,2002-01-24,M,8.06,high
1059,23BDS2059,Sarah Brooks,2004-02-01,O,7.49,high
1060,23BDS2060,Lisa Evans,2006-04-22,M,6.67,low
1061,23BDS2061,Arthur Mcneil,2001-01-03,F,7.69,low
1062,23BDS2062,Shannon Green,2006-01-10,M,4.44,low
1063,23BDS2063,Stephanie Evans,1999-11-26,M,8.03,high
1064,23BDS2064,Ralph Yoder,2004-12-25,M,5.43,high
1065,23BDS2065,Rebekah Greene,2005-09-16,M,6.67,mid
1066,23BDS2066,Melanie Griffith,2000-02-16,F,5.99,low
1067,23BDS2067,Yolanda Green,2001-04-09,O,5.83,low
1068,23BDS2068,James Johnson,2002-04-17,O,8.04,low
1069,23BDS2069,Laura Lee,2006-11-03,O,6.58,low
1070,23BDS2070,Courtney Nichols,2005-04-19,F,7.31,high
1071,23BDS2071,Susan Powers,2000-03-19,F,6.96,mid
1072,23BDS2072,Sarah Pittman,2005-08-18,M,7.43,mid
1073,23BDS2073,Catherine Davis,1999-10-24,F,7.07,mid
1074,23BDS2074,David Stokes,2003-03-27,O,5.85,high
1075,23BDS2075,Catherine Frazier,2002-03-07,F,7.9,low
1076,23BDS2076,Brandon Kelly,2007-05-29,O,6.56,high
1077,23BDS2077,Elizabeth French,2005-09-05,F,5.6,low
1078,23BDS2078,David Carter,2007-07-08,F,6.61,high
1079,23BDS2079,Julie Delacruz,1999-11-28,O,8.35,mid
1080,23BDS2080,Terry Jones,2007-07-19,O,7.77,mid
1081,23BDS2081,Kathryn Dillon,2005-08-01,F,6.69,mid
1082,23BDS2082,Edwin Brown,2001-10-26,F,6.69,mid
1083,23BDS2083,Brenda Gonzalez,2003-03-01,M,6.71,low
1084,23BDS2084,Keith Knox,2008-07-12,O,8.87,high
1085,23BDS2085,Eugene Baldwin,2000-08-19,M,7.34,low
1086,23BDS2086,Katherine Welch,2002-07-30,F,7.39,high
1087,23BDS2087,Mark Smith,2007-07-16,O,7.93,mid
1088,23BDS2088,Philip Jackson,2004-07-09,F,7.21,mid
1089,23BDS2089,Katherine Gallagher,2001-05-31,O,6.77,mid
1090,23BDS2090,Lucas Schultz,2004-03-30,F,6.82,high
1091,23BDS2091,Vincent Reyes,2003-11-10,M,6.94,mid
1092,23BDS2092,Curtis Watson,2008-01-28,M,6.97,low
1093,23BDS2093,Frank Whitaker,1999-12-06,M,7.65,low
1094,23BDS2094,Michael Sims,2001-12-18,O,7.05,low
1095,23BDS2095,Michael Cooper,2004-07-02,O,7.66,high
1096,23BDS2096,James Chapman,2002-09-27,O,6.93,low
1097,23BDS2097,Rodney Evans,2003-04-12,M,7.07,mid
1098,23BDS2098,Nicholas Carlson,2001-02-24,O,5.2,high
1099,23BDS2099,Stephen Cowan,2002-11-10,F,7.82,mid
1100,23BDS2100,Steven Howard,2002-11-27,O,7.31,high
1101,23BDS2101,Travis Hull,2005-05-13,M,7.9,low
1102,23BDS2102,Darryl Acosta,2001-11-11,M,4.39,mid
1103,23BDS2103,Nicholas Lawrence,2008-07-17,F,8.88,mid
1104,23BDS2104,Jacob Santos,2004-04-01,O,6.87,high
1105,23BDS2105,Shawn Scott,2007-01-17,O,8.0,mid
1106,23BDS2106,Amber Vang,2005-05-15,F,6.06,low
1107,23BDS2107,Martha Smith,2007-08-25,F,7.55,high
1108,23BDS2108,Jennifer James,2007-10-02,M,6.05,mid
1109,23BDS2109,Kara Hernandez,2007-01-27,O,6.44,high
1110,23BDS2110,Lorraine Turner,2000-01-01,F,8.72,mid
1111,23BDS2111,Mary Nelson,2004-09-24,O,6.83,low
1112,23BDS2112,Breanna Rivas,2002-04-05,F,7.2,low
1113,23BDS2113,Nathan Wilson,2001-02-06,M,7.78,low
1114,23BDS2114,Brian Gonzalez,2007-10-24,F,7.45,low
1115,23BDS2115,Dennis Mills,2005-08-25,F,7.14,mid
1116,23BDS2116,Michael Phillips,2000-07-11,F,7.33,low
1117,23BDS2117,Jon Clark,2003-03-06,F,9.16,high
1118,23BDS2118,Erin Smith,2008-05-20,F,6.95,mid
1119,23BDS2119,Susan Conley,2005-04-01,O,7.18,low
1120,23BDS2120,Brittany Davis,2005-05-14,M,7.95,high
1121,23BDS2121,Misty Garcia,2001-10-13,M,7.99,mid
1122,23BDS2122,David Hinton,2001-11-25,F,8.07,high
1123,23BDS2123,John Garcia,2001-02-10,F,7.57,mid
1124,23BDS2124,Andrew Roberts,2008-06-22,O,5.97,high
1125,23BDS2125,Emily Rodgers,2007-12-05,F,8.47,low
1126,23BDS2126,Peter Williams,2002-09-13,F,5.97,high
1127,23BDS2127,Mary Jackson,2004-08-13,O,7.27,high
1128,23BDS2128,Jeffrey Howell,2001-08-06,F,6.32,mid
1129,23BDS2129,Anna Briggs,2000-12-25,O,6.94,mid
1130,23BDS2130,James Rivers,2004-08-10,M,7.3,low
1131,23BDS2131,James Jefferson,2006-12-09,F,7.29,high
1132,23BDS2132,Mariah Robles,2007-07-03,M,7.38,high
1133,23BDS2133,Michael Brown,2002-07-08,F,8.45,high
1134,23BDS2134,Caitlin Perry,2006-01-31,F,7.41,high
1135,23BDS2135,Rebekah Gregory,2004-06-14,F,6.78,low
1136,23BDS2136,James Howard,2000-12-14,M,7.87,mid
1137,23BDS2137,Michael Roberson,2008-09-12,F,8.07,high
1138,23BDS2138,Bianca Knapp,2008-07-09,O,5.9,low
1139,23BDS2139,Jason Williams,2001-01-16,M,7.54,low
1140,23BDS2140,Ernest Bush,2008-02-19,O,7.63,low
1141,23BDS2141,Patricia Ray,2007-12-29,O,6.73,low
1142,23BDS2142,Vanessa Santiago,2002-08-05,F,8.24,low
1143,23BDS2143,Joseph Haynes,2004-10-02,F,6.86,mid
1144,23BDS2144,Matthew Wright,2008-04-11,M,7.11,low
1145,23BDS2145,Michael Cruz,2000-10-20,M,6.84,mid
1146,23BDS2146,Kristin Huerta,2002-08-06,O,7.01,high
1147,23BDS2147,Mason Moore,2007-08-28,F,6.01,high
1148,23BDS2148,Sarah Booth,2006-04-13,O,5.7,mid
1149,23BDS2149,John Allen,2006-08-17,F,8.44,mid
1150,23BDS2150,Amber Walker,2007-08-29,O,6.24,high
1151,23BDS2151,Jennifer Young,2003-06-19,F,6.11,low
1152,23BDS2152,Robert West,2003-06-10,M,5.06,high
1153,23BDS2153,Jillian Wilson,2003-09-22,M,6.42,low
1154,23BDS2154,Matthew Garcia MD,2008-02-22,F,5.81,low
1155,23BDS2155,April Davis,2007-10-14,O,8.48,mid
1156,23BDS2156,Lisa Torres,2008-02-20,M,7.91,mid
1157,23BDS2157,Christine Powers,2002-03-15,F,6.38,high
1158,23BDS2158,Heidi Brown,2006-10-01,F,9.03,high
1159,23BDS2159,Jesse Castro,2000-09-12,O,7.88,mid
1160,23BDS2160,Kara Sandoval,2001-05-26,F,6.71,high
1161,23BDS2161,Ashley Malone,2006-08-07,M,4.75,mid
1162,23BDS2162,Glenn Gallegos,2005-03-31,M,9.06,mid
1163,23BDS2163,Dorothy Boyd,2002-02-20,O,5.75,high
1164,23BDS2164,Amber Martin,2004-11-03,O,5.52,low
1165,23BDS2165,Mitchell Griffith,2001-10-25,M,7.92,low
1166,23BDS2166,Levi Lopez,2001-10-29,O,9.2,mid
1167,23BDS2167,Jenna Bryant,2005-12-04,M,8.25,high
1168,23BDS2168,Michelle Rodriguez,2002-12-21,F,7.51,low
1169,23BDS2169,Timothy Monroe,2005-12-06,O,7.54,mid
1170,23BDS2170,Patricia Hayes,2004-01-11,M,7.77,mid
1171,23BDS2171,Tina Taylor,2004-04-04,O,7.68,high
1172,23BDS2172,Mr. Anthony Mcconnell PhD,2005-03-07,F,7.25,high
1173,23BDS2173,Mr. Thomas Thompson,2006-02-23,M,7.09,mid
1174,23BDS2174,Monica Anderson,2003-02-07,M,6.94,low
1175,23BDS2175,Kyle Andrade,2007-05-29,M,6.32,high
1176,23BDS2176,Janice Petty,2004-02-28,F,6.75,high
1177,23BDS2177,Pamela Hill,2000-12-22,M,5.48,high
1178,23BDS2178,Tracy Chavez,2001-06-23,O,6.91,low
1179,23BDS2179,Jason Graves,2000-01-10,M,6.11,low
1180,23BDS2180,Elizabeth Miles,2006-08-14,F,6.01,mid
1181,23BDS2181,Michelle Walls,1999-11-15,O,7.16,high
1182,23BDS2182,Christina Weber,2002-03-02,F,8.25,low
1183,23BDS2183,Gregory Chambers,2003-06-16,O,7.83,low
1184,23BDS2184,Miss Tina Gordon,2006-06-02,O,5.59,high
1185,23BDS2185,Erica Wilson,2008-08-19,F,6.11,low
1186,23BDS2186,John Duncan,2006-07-23,F,7.85,mid
1187,23BDS2187,Jennifer Adkins,2000-05-01,F,6.12,low
1188,23BDS2188,Donna Boone,2008-01-31,F,6.8,low
1189,23BDS2189,Kelly Johnson,2008-08-10,M,7.5,mid
1190,23BDS2190,Michael Gonzalez,2007-07-18,F,6.13,high
1191,23BDS2191,Candace Mitchell,2004-02-23,O,7.09,low
1192,23BDS2192,Ryan Vaughn,2002-08-30,M,5.8,mid
1193,23BDS2193,Paul Johnson,2003-11-09,F,6.46,high
1194,23BDS2194,Ashley Parrish,2001-12-16,M,7.29,mid
1195,23BDS2195,Sharon Newton,2003-05-20,O,5.57,low
1196,23BDS2196,Cynthia Mueller,2000-02-11,O,7.4,mid
1197,23BDS2197,Donna Beck,2006-05-10,O,6.98,low
1198,23BDS2198,Jasmine Frye,2003-02-28,M,7.5,high
1199,23BDS2199,Emily Arnold,2002-07-21,M,7.2,high
1200,23BDS2200,David Oliver,2005-03-29,F,8.23,mid
